date,provider,symbol,open,high,low,close,adjusted_close,volume,dividend_amount
2009-10-20,alpha-vantage,IWDA.LON,25.86,25.86,25.86,25.86,25.86,2000,0
2009-11-04,alpha-vantage,IWDA.LON,24.8,24.8,24.8,24.8,24.8,47872,0
2009-12-18,alpha-vantage,IWDA.LON,25.45,25.45,25.45,25.45,25.45,1675,0
2009-12-29,alpha-vantage,IWDA.LON,26,26,26,26,26,9922,0
2010-01-22,alpha-vantage,IWDA.LON,25.62,25.62,25.62,25.62,25.62,19651,0
2010-02-19,alpha-vantage,IWDA.LON,25.05,25.05,25.05,25.05,25.05,2700,0
2010-03-01,alpha-vantage,IWDA.LON,25.15,25.15,25.15,25.15,25.15,395,0
2010-06-01,alpha-vantage,IWDA.LON,23.59,23.59,23.59,23.59,23.59,4300,0
2010-06-09,alpha-vantage,IWDA.LON,23.34,23.5,23.34,23.5,23.5,40300,0
2010-06-15,alpha-vantage,IWDA.LON,24.47,24.47,24.4,24.4,24.4,74359,0
2010-07-21,alpha-vantage,IWDA.LON,24.45,24.45,24.45,24.45,24.45,1750,0
2010-08-06,alpha-vantage,IWDA.LON,25.77,25.77,25.77,25.77,25.77,107,0
2010-08-17,alpha-vantage,IWDA.LON,24.89,24.89,24.89,24.89,24.89,5198,0
2010-09-03,alpha-vantage,IWDA.LON,24.97,25.2,24.97,25.2,25.2,168825,0
2010-09-06,alpha-vantage,IWDA.LON,25.41,25.41,25.41,25.41,25.41,4000,0
2010-09-24,alpha-vantage,IWDA.LON,25.98,26.23,25.98,26.23,26.23,100500,0
2010-10-08,alpha-vantage,IWDA.LON,26.9,26.91,26.79,26.79,26.79,8445,0
2010-10-14,alpha-vantage,IWDA.LON,27.27,27.52,27.27,27.47,27.47,12282,0
2010-10-20,alpha-vantage,IWDA.LON,27.29,27.29,27.29,27.29,27.29,73835,0
2010-10-27,alpha-vantage,IWDA.LON,27.57,27.57,27.17,27.17,27.17,123312,0
2010-11-05,alpha-vantage,IWDA.LON,27.55,28.23,27.55,28.23,28.23,98866,0
2010-11-09,alpha-vantage,IWDA.LON,28.26,28.26,28.19,28.19,28.19,1580,0
2010-11-18,alpha-vantage,IWDA.LON,26.98,27.52,26.98,27.52,27.52,12724,0
2010-11-22,alpha-vantage,IWDA.LON,27.82,27.82,27.82,27.82,27.82,1229,0
2010-11-25,alpha-vantage,IWDA.LON,27.36,27.36,27.36,27.36,27.36,2300,0
2010-12-02,alpha-vantage,IWDA.LON,26.78,27.44,26.78,27.44,27.44,18830,0
2010-12-08,alpha-vantage,IWDA.LON,27.73,28.1,27.73,27.86,27.86,10950,0
2010-12-16,alpha-vantage,IWDA.LON,28.34,28.34,28.01,28.01,28.01,10400,0
2010-12-23,alpha-vantage,IWDA.LON,28.23,28.46,28.23,28.41,28.41,2640,0
2010-12-30,alpha-vantage,IWDA.LON,28.52,28.59,28.52,28.59,28.59,6872,0
2011-01-13,alpha-vantage,IWDA.LON,28.31,29.09,28.31,29.09,29.09,16362,0
2011-01-20,alpha-vantage,IWDA.LON,29.16,29.5,28.87,28.87,28.87,36200,0
2011-01-25,alpha-vantage,IWDA.LON,29.27,29.32,29.24,29.32,29.32,2855,0
2011-02-02,alpha-vantage,IWDA.LON,29.83,29.83,29.83,29.83,29.83,14540,0
2011-02-11,alpha-vantage,IWDA.LON,30.05,30.05,29.68,29.68,29.68,32627,0
2011-02-17,alpha-vantage,IWDA.LON,30.25,30.39,30.25,30.39,30.39,838560,0
2011-02-24,alpha-vantage,IWDA.LON,29.95,30.19,29.61,29.61,29.61,15070,0
2011-03-04,alpha-vantage,IWDA.LON,30.24,30.25,30.09,30.09,30.09,38298,0
2011-03-07,alpha-vantage,IWDA.LON,30.28,30.28,30.28,30.28,30.28,22570,0
2011-03-11,alpha-vantage,IWDA.LON,29.16,29.26,29.16,29.26,29.26,8085,0
2011-03-18,alpha-vantage,IWDA.LON,28.52,28.89,28.48,28.89,28.89,90399,0
2011-03-25,alpha-vantage,IWDA.LON,29.18,29.79,29.18,29.79,29.79,21857,0
2011-03-28,alpha-vantage,IWDA.LON,29.7,29.7,29.7,29.7,29.7,5635,0
2011-03-31,alpha-vantage,IWDA.LON,29.98,29.98,29.98,29.98,29.98,330,0
2011-04-07,alpha-vantage,IWDA.LON,30.14,30.28,30.07,30.21,30.21,100070,0
2011-04-15,alpha-vantage,IWDA.LON,30.296,30.296,18.49,29.93,29.93,217071,0
2011-04-20,alpha-vantage,IWDA.LON,29.61,30.37,29.61,30.37,30.37,9507,0
2011-04-28,alpha-vantage,IWDA.LON,30.73,31,30.73,31,31,141125,0
2011-05-04,alpha-vantage,IWDA.LON,31.15,31.15,31.12,31.12,31.12,7060,0
2011-05-12,alpha-vantage,IWDA.LON,30.7,30.95,30.19,30.19,30.19,21493,0
2011-05-16,alpha-vantage,IWDA.LON,30.14,30.14,30.14,30.14,30.14,406,0
2011-05-20,alpha-vantage,IWDA.LON,30.21,30.44,30.08,30.08,30.08,31791,0
2011-05-27,alpha-vantage,IWDA.LON,29.609,30.25,29.609,30.25,30.25,72798,0
2011-06-03,alpha-vantage,IWDA.LON,30.51,30.64,29.64,29.64,29.64,21267,0
2011-06-07,alpha-vantage,IWDA.LON,29.66,29.79,29.57,29.79,29.79,43026,0
2011-06-10,alpha-vantage,IWDA.LON,29.36,29.36,29.36,29.36,29.36,68,0
2011-06-17,alpha-vantage,IWDA.LON,28.89,29.18,28.89,29.07,29.07,1065,0
2011-06-24,alpha-vantage,IWDA.LON,29.486,29.486,29.09,29.09,29.09,345325,0
2011-07-01,alpha-vantage,IWDA.LON,29.32,30.31,29.3,30.31,30.31,63331,0
2011-07-08,alpha-vantage,IWDA.LON,30.42,30.59,30.2,30.59,30.59,218792,0
2011-07-14,alpha-vantage,IWDA.LON,30.16,30.945,29.5,29.77,29.77,2697,0
2011-07-22,alpha-vantage,IWDA.LON,29.61,30.609,29.61,30.55,30.55,12775,0
2011-07-29,alpha-vantage,IWDA.LON,30.35,30.539,29.37,29.37,29.37,62733,0
2011-08-05,alpha-vantage,IWDA.LON,29.05,29.05,26.876,26.8762,26.8762,201950,0
2011-08-12,alpha-vantage,IWDA.LON,26.84,27.3,25.75,26.558,26.558,64899,0
2011-08-19,alpha-vantage,IWDA.LON,27.03,27.485,25.25,25.56,25.56,169373,0
2011-08-23,alpha-vantage,IWDA.LON,26.09,26.09,26.09,26.09,26.09,347,0
2011-08-26,alpha-vantage,IWDA.LON,26.24,26.269,26.02,26.02,26.02,6480,0
2011-08-31,alpha-vantage,IWDA.LON,27.13,27.33,27.13,27.3,27.3,31136,0
2011-09-08,alpha-vantage,IWDA.LON,25.62,26.67,25.53,26.67,26.67,143699,0
2011-09-15,alpha-vantage,IWDA.LON,26.01,26.32,26.01,26.32,26.32,78019,0
2011-09-23,alpha-vantage,IWDA.LON,26.14,26.55,24.18,24.45,24.45,50250,0
2011-09-30,alpha-vantage,IWDA.LON,24.93,26.06,24.93,25.54,25.54,15909,0
2011-10-03,alpha-vantage,IWDA.LON,24.85,24.85,24.64,24.64,24.64,930,0
2011-10-07,alpha-vantage,IWDA.LON,25.09,25.63,25.09,25.63,25.63,32426,0
2011-10-14,alpha-vantage,IWDA.LON,26.27,26.84,26.27,26.84,26.84,9906,0
2011-10-21,alpha-vantage,IWDA.LON,26.4,27.07,26.26,27.07,27.07,129025,0
2011-10-28,alpha-vantage,IWDA.LON,27.42,28.506,26.55,28.48,28.48,640431,0
2011-11-03,alpha-vantage,IWDA.LON,26.75,27.31,26.75,27.31,27.31,22101,0
2011-11-10,alpha-vantage,IWDA.LON,27.15,27.56,26.87,26.98,26.98,89824,0
2011-11-17,alpha-vantage,IWDA.LON,26.81,26.81,26.47,26.47,26.47,66004,0
2011-11-25,alpha-vantage,IWDA.LON,25.1,25.11,24.65,25.09,25.09,105520,0
2011-12-02,alpha-vantage,IWDA.LON,25.66,27.62,25.66,27.13,27.13,224953,0
2011-12-09,alpha-vantage,IWDA.LON,27.16,27.16,26.8,26.8003,26.8003,25942,0
2011-12-16,alpha-vantage,IWDA.LON,26.43,26.77,25.99,25.99,25.99,585047,0
2011-12-23,alpha-vantage,IWDA.LON,26.07,26.92,26.07,26.92,26.92,259160,0
2011-12-29,alpha-vantage,IWDA.LON,26.75,26.75,26.17,26.17,26.17,25700,0
2012-01-05,alpha-vantage,IWDA.LON,27.4,27.4,27.28,27.28,27.28,140000,0
2012-01-10,alpha-vantage,IWDA.LON,27.18,27.51,27.03,27.51,27.51,57800,0
2012-01-18,alpha-vantage,IWDA.LON,27.8,27.8,27.62,27.62,27.62,2650,0
2012-01-27,alpha-vantage,IWDA.LON,28.23,28.55,28.057,28.52,28.52,241159,0
2012-02-03,alpha-vantage,IWDA.LON,28.05,28.99,28.05,28.99,28.99,102855,0
2012-02-09,alpha-vantage,IWDA.LON,28.94,29.21,28.94,29.21,29.21,32762,0
2012-02-16,alpha-vantage,IWDA.LON,29.3,29.72,28.862,29.1,29.1,74866,0
2012-02-23,alpha-vantage,IWDA.LON,29.62,29.76,29.49,29.49,29.49,9312,0
2012-02-28,alpha-vantage,IWDA.LON,29.54,29.882,29.538,29.87,29.87,149469,0
2012-03-02,alpha-vantage,IWDA.LON,29.7,29.7,29.65,29.65,29.65,16450,0
2012-03-09,alpha-vantage,IWDA.LON,29.45,29.7,29,29.7,29.7,202738,0
2012-03-16,alpha-vantage,IWDA.LON,29.4,30.11,29.4,30.11,30.11,100738,0
2012-03-22,alpha-vantage,IWDA.LON,30.14,30.19,29.78,29.78,29.78,60135,0
2012-03-30,alpha-vantage,IWDA.LON,30.24,30.3,29.91,30.15,30.15,338877,0
2012-04-03,alpha-vantage,IWDA.LON,30.27,30.297,30.27,30.27,30.27,1430,0
2012-04-13,alpha-vantage,IWDA.LON,29.05,29.369,28.931,29.09,29.09,26811,0
2012-04-20,alpha-vantage,IWDA.LON,28.96,29.52,28.96,29.46,29.46,45359,0
2012-04-24,alpha-vantage,IWDA.LON,29.17,29.17,29.17,29.17,29.17,960,0
2012-05-04,alpha-vantage,IWDA.LON,29.52,29.52,29.02,29.02,29.02,32305,0
2012-05-10,alpha-vantage,IWDA.LON,28.98,28.98,28.4,28.76,28.76,2757,0
2012-05-17,alpha-vantage,IWDA.LON,28.2,28.2,27.555,27.56,27.56,5700,0
2012-05-22,alpha-vantage,IWDA.LON,27.6,27.6,27.6,27.6,27.6,5104,0
2012-06-01,alpha-vantage,IWDA.LON,27.46,27.69,26.7,26.7,26.7,17635,0
2012-06-07,alpha-vantage,IWDA.LON,26.85,27.58,26.85,27.58,27.58,7314,0
2012-06-14,alpha-vantage,IWDA.LON,27.36,27.36,27.3,27.34,27.34,91192,0
2012-06-22,alpha-vantage,IWDA.LON,27.7,27.7,27.7,27.7,27.7,209,0
2012-06-27,alpha-vantage,IWDA.LON,27.68,27.68,27.68,27.68,27.68,2605,0
2012-07-02,alpha-vantage,IWDA.LON,28.58,28.627,28.58,28.58,28.58,698,0
2012-07-06,alpha-vantage,IWDA.LON,28.24,28.24,28.234,28.24,28.24,2200,0
2012-07-09,alpha-vantage,IWDA.LON,28.22,28.22,28.22,28.22,28.22,587,0
2012-07-13,alpha-vantage,IWDA.LON,27.78,28.11,27.78,28.11,28.11,1663,0
2012-07-16,alpha-vantage,IWDA.LON,28.3,28.3,28.3,28.3,28.3,1640,0
2012-07-19,alpha-vantage,IWDA.LON,28.74,28.76,28.74,28.76,28.76,3740,0
2012-07-23,alpha-vantage,IWDA.LON,27.76,27.76,27.76,27.76,27.76,300,0
2012-08-01,alpha-vantage,IWDA.LON,28.91,28.91,28.83,28.83,28.83,542,0
2012-08-10,alpha-vantage,IWDA.LON,29.44,29.5,29.34,29.34,29.34,46348,0
2012-08-16,alpha-vantage,IWDA.LON,29.76,29.76,29.46,29.68,29.68,15527,0
2012-08-24,alpha-vantage,IWDA.LON,29.81,29.81,29.59,29.72,29.72,136175,0
2012-09-07,alpha-vantage,IWDA.LON,29.59,30.35,29.35,30.35,30.35,67666,0
2012-09-14,alpha-vantage,IWDA.LON,30.28,31.26,30.21,31.26,31.26,78193,0
2012-09-21,alpha-vantage,IWDA.LON,31.22,31.22,30.76,31.09,31.09,69577,0
2012-09-28,alpha-vantage,IWDA.LON,30.81,31,30.27,30.27,30.27,69716,0
2012-10-05,alpha-vantage,IWDA.LON,30.81,31.07,30.46,31.07,31.07,6552,0
2012-10-12,alpha-vantage,IWDA.LON,30.7,30.73,30.19,30.19,30.19,21723,0
2012-10-19,alpha-vantage,IWDA.LON,30.75,31,30.75,30.8,30.8,594,0
2012-10-25,alpha-vantage,IWDA.LON,30.16,30.36,30.07,30.07,30.07,4820,0
2012-11-02,alpha-vantage,IWDA.LON,30.39,30.5,30.04,30.4172,30.4172,26314,0
2012-11-09,alpha-vantage,IWDA.LON,30.23,30.38,29.52,29.61,29.61,20274,0
2012-11-16,alpha-vantage,IWDA.LON,29.47,29.58,29.18,29.18,29.18,19704,0
2012-11-23,alpha-vantage,IWDA.LON,29.27,30.1,29.27,30.1,30.1,6716,0
2012-11-26,alpha-vantage,IWDA.LON,30.22,30.22,30.22,30.22,30.22,105,0
2012-11-30,alpha-vantage,IWDA.LON,30.54,30.54,30.54,30.54,30.54,8096,0
2012-12-06,alpha-vantage,IWDA.LON,30.63,30.64,30.42,30.53,30.53,227394,0
2012-12-14,alpha-vantage,IWDA.LON,30.45,30.94,30.45,30.82,30.82,102866,0
2012-12-21,alpha-vantage,IWDA.LON,30.88,31.42,30.8088,31.17,31.17,576896,0
2013-01-04,alpha-vantage,IWDA.LON,31.7424,31.87,31.7424,31.77,31.77,104055,0
2013-01-10,alpha-vantage,IWDA.LON,31.77,31.88,31.66,31.88,31.88,116398,0
2013-01-18,alpha-vantage,IWDA.LON,32.24,32.24,32.21,32.21,32.21,2300,0
2013-01-25,alpha-vantage,IWDA.LON,32.32,32.69,32.28,32.58,32.58,240050,0
2013-02-01,alpha-vantage,IWDA.LON,32.72,32.96,32.62,32.96,32.96,28024,0
2013-02-04,alpha-vantage,IWDA.LON,32.74,32.9746,32.65,32.65,32.65,3905,0
2013-02-07,alpha-vantage,IWDA.LON,32.48,32.52,32.41,32.41,32.41,1434,0
2013-02-15,alpha-vantage,IWDA.LON,32.91,33,32.73,32.89,32.89,21884,0
2013-02-22,alpha-vantage,IWDA.LON,32.88,33.13,32.4,32.5883,32.5883,86558,0
2013-03-01,alpha-vantage,IWDA.LON,32.18,32.54,32.14,32.54,32.54,57658,0
2013-03-08,alpha-vantage,IWDA.LON,32.62,33.44,32.574,33.44,33.44,8059,0
2013-03-15,alpha-vantage,IWDA.LON,33.26,33.59,33.26,33.59,33.59,89277,0
2013-03-22,alpha-vantage,IWDA.LON,33.22,33.49,33.21,33.34,33.34,53594,0
2013-03-28,alpha-vantage,IWDA.LON,33.32,33.53,33.2483,33.53,33.53,17255,0
2013-04-05,alpha-vantage,IWDA.LON,33.58,33.64,32.95,32.95,32.95,131812,0
2013-04-12,alpha-vantage,IWDA.LON,33.23,34.17,33.225,33.86,33.86,17615,0
2013-04-19,alpha-vantage,IWDA.LON,33.84,33.9714,33.17,33.2,33.2,19066,0
2013-04-26,alpha-vantage,IWDA.LON,33.45,34.09,33.45,34.09,34.09,30427,0
2013-05-03,alpha-vantage,IWDA.LON,34.36,34.75,34.31,34.75,34.75,12360,0
2013-05-10,alpha-vantage,IWDA.LON,34.95,35.12,34.95,34.97,34.97,27889,0
2013-05-17,alpha-vantage,IWDA.LON,35.07,35.43,35.06,35.4,35.4,46657,0
2013-05-24,alpha-vantage,IWDA.LON,35.68,35.85,34.7386,34.87,34.87,38567,0
2013-05-31,alpha-vantage,IWDA.LON,35.34,35.34,34.71,34.865,34.865,5579,0
2013-06-07,alpha-vantage,IWDA.LON,34.39,34.7,33.995,34.585,34.585,119144,0
2013-06-14,alpha-vantage,IWDA.LON,34.77,34.77,33.85,34.46,34.46,214514,0
2013-06-21,alpha-vantage,IWDA.LON,34.8,34.91,33.26,33.26,33.26,566275,0
2013-06-28,alpha-vantage,IWDA.LON,32.83,33.95,32.695,33.765,33.765,3442318,0
2013-07-05,alpha-vantage,IWDA.LON,34.095,34.29,33.6,33.935,33.935,48364,0
2013-07-12,alpha-vantage,IWDA.LON,34.34,35.29,34.34,35.165,35.165,639407,0
2013-07-19,alpha-vantage,IWDA.LON,35.31,35.61,35.29,35.6,35.6,5748,0
2013-07-26,alpha-vantage,IWDA.LON,35.75,35.78,35.46,35.46,35.46,3584,0
2013-08-02,alpha-vantage,IWDA.LON,35.6,35.975,35.46,35.975,35.975,50191,0
2013-08-09,alpha-vantage,IWDA.LON,35.99,36.09,35.19,35.845,35.845,1338612,0
2013-08-16,alpha-vantage,IWDA.LON,35.82,35.96,35.515,35.57,35.57,2583,0
2013-08-23,alpha-vantage,IWDA.LON,35.49,35.51,35.095,35.48,35.48,172021,0
2013-08-30,alpha-vantage,IWDA.LON,35.18,35.3764,34.69,34.69,34.69,291553,0
2013-09-06,alpha-vantage,IWDA.LON,35.13,35.505,34.98,35.505,35.505,108924,0
2013-09-13,alpha-vantage,IWDA.LON,35.39,36.26,35.39,36.205,36.205,285306,0
2013-09-20,alpha-vantage,IWDA.LON,36.7,37.39,36.53,37.06,37.06,32837,0
2013-09-27,alpha-vantage,IWDA.LON,37.01,37.01,36.64,36.69,36.69,131972,0
2013-10-04,alpha-vantage,IWDA.LON,37,37,36.33,36.455,36.455,156689,0
2013-10-11,alpha-vantage,IWDA.LON,36.37,36.74,35.74,36.73,36.73,56614,0
2013-10-18,alpha-vantage,IWDA.LON,36.71,37.725,36.67,37.725,37.725,77042,0
2013-10-25,alpha-vantage,IWDA.LON,37.85,38.04,37.76,38,38,103134,0
2013-11-01,alpha-vantage,IWDA.LON,38.24,38.4,37.72,37.72,37.72,63284,0
2013-11-08,alpha-vantage,IWDA.LON,37.98,38.08,37.4925,37.71,37.71,162552,0
2013-11-15,alpha-vantage,IWDA.LON,37.93,38.4,37.64,38.4,38.4,123463,0
2013-11-22,alpha-vantage,IWDA.LON,38.53,38.565,38.05,38.395,38.395,113481,0
2013-11-29,alpha-vantage,IWDA.LON,38.57,38.75,38.41,38.67,38.67,16150,0
2013-12-06,alpha-vantage,IWDA.LON,38.49,38.53,37.9,38.215,38.215,745638,0
2013-12-13,alpha-vantage,IWDA.LON,38.22,38.43,37.605,37.605,37.605,88935,0
2013-12-20,alpha-vantage,IWDA.LON,37.54,38.59,37.54,38.59,38.59,544862,0
2013-12-24,alpha-vantage,IWDA.LON,38.79,38.99,38.7273,38.845,38.845,7702,0
2013-12-27,alpha-vantage,IWDA.LON,39.29,39.36,39.18,39.25,39.25,34881,0
2014-01-03,alpha-vantage,IWDA.LON,39.19,39.79,38.97,38.995,38.995,94896,0
2014-01-10,alpha-vantage,IWDA.LON,39.02,39.24,38.85,39.135,39.135,99246,0
2014-01-17,alpha-vantage,IWDA.LON,39.3,39.6,38.86,39.395,39.395,93918,0
2014-01-24,alpha-vantage,IWDA.LON,39.33,39.45,38.395,38.395,38.395,255547,0
2014-01-31,alpha-vantage,IWDA.LON,38.4,38.49,37.8,37.925,37.925,351655,0
2014-02-07,alpha-vantage,IWDA.LON,37.75,38.16,37.1,38.13,38.13,314802,0
2014-02-14,alpha-vantage,IWDA.LON,38.32,39.8,38.25,39.155,39.155,92107,0
2014-02-21,alpha-vantage,IWDA.LON,39.38,39.5479,38.99,39.515,39.515,1003788,0
2014-02-28,alpha-vantage,IWDA.LON,39.46,39.88,39.46,39.855,39.855,40387,0
2014-03-07,alpha-vantage,IWDA.LON,39.52,40.188,39.13,39.895,39.895,162656,0
2014-03-14,alpha-vantage,IWDA.LON,39.9,40.02,38.9622,39.075,39.075,351480,0
2014-03-21,alpha-vantage,IWDA.LON,39.25,39.734,39.11,39.54,39.54,109046,0
2014-03-28,alpha-vantage,IWDA.LON,39.35,40.1,39.06,39.685,39.685,282795,0
2014-04-04,alpha-vantage,IWDA.LON,39.79,40.38,39.78,40.2,40.2,174588,0
2014-04-11,alpha-vantage,IWDA.LON,39.74,40.1012,39.06,39.245,39.245,157486,0
2014-04-17,alpha-vantage,IWDA.LON,38.97,39.858,38.97,39.825,39.825,84754,0
2014-04-25,alpha-vantage,IWDA.LON,39.92,40.28,39.855,39.855,39.855,60152,0
2014-05-02,alpha-vantage,IWDA.LON,39.92,40.46,39.89,40.315,40.315,63939,0
2014-05-09,alpha-vantage,IWDA.LON,40.47,40.47,40.082,40.135,40.135,294493,0
2014-05-16,alpha-vantage,IWDA.LON,40.27,40.66,40.095,40.235,40.235,215755,0
2014-05-23,alpha-vantage,IWDA.LON,40.04,40.6739,40.04,40.66,40.66,82900,0
2014-05-30,alpha-vantage,IWDA.LON,40.87,41.0338,40.79,41.03,41.03,26999,0
2014-06-06,alpha-vantage,IWDA.LON,41.16,41.59,41,41.57,41.57,61831,0
2014-06-13,alpha-vantage,IWDA.LON,41.68,42.13,41.26,41.415,41.415,100088,0
2014-06-20,alpha-vantage,IWDA.LON,41.3,41.97,41.29,41.935,41.935,338256,0
2014-06-27,alpha-vantage,IWDA.LON,41.9,41.9584,41.4933,41.7,41.7,555509,0
2014-07-04,alpha-vantage,IWDA.LON,41.77,42.3485,41.74,42.28,42.28,42215,0
2014-07-11,alpha-vantage,IWDA.LON,42.98,42.98,41.41,41.56,41.56,135233,0
2014-07-18,alpha-vantage,IWDA.LON,41.92,42.0834,41.64,41.795,41.795,75953,0
2014-07-25,alpha-vantage,IWDA.LON,41.83,42.22,41.64,41.915,41.915,26720,0
2014-08-01,alpha-vantage,IWDA.LON,41.93,42.08,40.71,40.9,40.9,533626,0
2014-08-08,alpha-vantage,IWDA.LON,40.97,41.09,40.1,40.45,40.45,211027,0
2014-08-15,alpha-vantage,IWDA.LON,40.7,41.4283,40.7,41.085,41.085,338957,0
2014-08-22,alpha-vantage,IWDA.LON,41.46,41.92,41.06,41.765,41.765,44418,0
2014-08-29,alpha-vantage,IWDA.LON,42.48,42.48,41.54,41.975,41.975,591102,0
2014-09-05,alpha-vantage,IWDA.LON,42.02,42.33,41.87,41.955,41.955,39223,0
2014-09-12,alpha-vantage,IWDA.LON,42.03,42.03,41.6,41.685,41.685,207605,0
2014-09-19,alpha-vantage,IWDA.LON,41.67,42.33,41.41,41.98,41.98,64034,0
2014-09-26,alpha-vantage,IWDA.LON,42.27,42.27,41,41.04,41.04,89367,0
2014-10-03,alpha-vantage,IWDA.LON,41.1,41.13,39.97,40.415,40.415,426364,0
2014-10-10,alpha-vantage,IWDA.LON,40.68,40.69,39.37,39.37,39.37,525881,0
2014-10-17,alpha-vantage,IWDA.LON,39.52,39.52,37.65,39.065,39.065,1786045,0
2014-10-24,alpha-vantage,IWDA.LON,39.15,40.2,38.97,40.2,40.2,298203,0
2014-10-31,alpha-vantage,IWDA.LON,40.33,41.35,39.97,41.255,41.255,233616,0
2014-11-07,alpha-vantage,IWDA.LON,41.2,41.33,40.87,41.245,41.245,640566,0
2014-11-14,alpha-vantage,IWDA.LON,41.29,42.03,41,41.52,41.52,1023623,0
2014-11-21,alpha-vantage,IWDA.LON,41.87,42.13,41.28,42.055,42.055,2192067,0
2014-11-28,alpha-vantage,IWDA.LON,42,42.77,41.96,42.135,42.135,1022647,0
2014-12-05,alpha-vantage,IWDA.LON,41.79,42.17,41.74,42.11,42.11,127121,0
2014-12-12,alpha-vantage,IWDA.LON,41.99,42.1082,40.595,40.595,40.595,292989,0
2014-12-19,alpha-vantage,IWDA.LON,40.46,41.63,39.72,41.52,41.52,596223,0
2014-12-24,alpha-vantage,IWDA.LON,41.66,41.91,41.63,41.86,41.86,177526,0
2015-01-02,alpha-vantage,IWDA.LON,41.32,41.99,41.155,41.155,41.155,69844,0
2015-01-09,alpha-vantage,IWDA.LON,41.01,41.05,40.07,40.65,40.65,350248,0
2015-01-16,alpha-vantage,IWDA.LON,40.83,41.07,40,40.375,40.375,471661,0
2015-01-23,alpha-vantage,IWDA.LON,40.65,41.52,40.6,41.455,41.455,171094,0
2015-01-30,alpha-vantage,IWDA.LON,41.68,41.68,40.64,40.71,40.71,928415,0
2015-02-06,alpha-vantage,IWDA.LON,40.75,41.97,40.48,41.87,41.87,438579,0
2015-02-13,alpha-vantage,IWDA.LON,41.66,42.52,41.44,42.5,42.5,226757,0
2015-02-20,alpha-vantage,IWDA.LON,41.92,42.84,41.78,42.685,42.685,713544,0
2015-02-27,alpha-vantage,IWDA.LON,42.97,43.4,42.78,43.08,43.08,634045,0
2015-03-06,alpha-vantage,IWDA.LON,44.01,44.01,42.425,42.425,42.425,288713,0
2015-03-13,alpha-vantage,IWDA.LON,42.25,42.33,41.52,41.71,41.71,511589,0
2015-03-20,alpha-vantage,IWDA.LON,41.84,43.15,41.84,43.15,43.15,283101,0
2015-03-27,alpha-vantage,IWDA.LON,43.12,43.5,42.16,42.36,42.36,1119952,0
2015-04-02,alpha-vantage,IWDA.LON,42.65,42.7612,42.2,42.57,42.57,635229,0
2015-04-10,alpha-vantage,IWDA.LON,42.92,43.295,42.91,43.295,43.295,200168,0
2015-04-17,alpha-vantage,IWDA.LON,43.8,43.8,42.96,42.985,42.985,749293,0
2015-04-24,alpha-vantage,IWDA.LON,43.17,44.02,43.15,43.85,43.85,2249092,0
2015-05-01,alpha-vantage,IWDA.LON,43.85,44.09,43.1,43.445,43.445,1654455,0
2015-05-08,alpha-vantage,IWDA.LON,43.42,43.88,42.7,43.875,43.875,672427,0
2015-05-15,alpha-vantage,IWDA.LON,43.3,44.24,43.3,44.07,44.07,504232,0
2015-05-22,alpha-vantage,IWDA.LON,44.06,44.78,43.97,44.09,44.09,1202805,0
2015-05-29,alpha-vantage,IWDA.LON,44,44,43.425,43.425,43.425,866548,0
2015-06-05,alpha-vantage,IWDA.LON,43.55,43.88,42.9,43.12,43.12,1674987,0
2015-06-12,alpha-vantage,IWDA.LON,43.21,43.69,42.59,43.315,43.315,99031,0
2015-06-19,alpha-vantage,IWDA.LON,43.04,43.71,42.68,43.54,43.54,888635,0
2015-06-26,alpha-vantage,IWDA.LON,43.91,44.09,43.49,43.585,43.585,599065,0
2015-07-03,alpha-vantage,IWDA.LON,43.32,43.32,42.5,42.675,42.675,440597,0
2015-07-10,alpha-vantage,IWDA.LON,42.34,42.783,41.7,42.715,42.715,449038,0
2015-07-17,alpha-vantage,IWDA.LON,42.9,43.67,42.9,43.59,43.59,346785,0
2015-07-24,alpha-vantage,IWDA.LON,43.66,43.78,42.915,42.915,42.915,1346319,0
2015-07-31,alpha-vantage,IWDA.LON,42.76,43.3935,41.8,43.38,43.38,1024362,0
2015-08-07,alpha-vantage,IWDA.LON,43.14,43.4,42.69,42.715,42.715,539143,0
2015-08-14,alpha-vantage,IWDA.LON,42.95,43.31,42.2,42.69,42.69,215037,0
2015-08-21,alpha-vantage,IWDA.LON,42.84,42.88,40.68,40.8,40.8,441155,0
2015-08-28,alpha-vantage,IWDA.LON,39.96,40.73,38.22,40.705,40.705,2697689,0
2015-09-04,alpha-vantage,IWDA.LON,40.25,40.25,39.12,39.205,39.205,1383046,0
2015-09-11,alpha-vantage,IWDA.LON,39,40.65,39,39.795,39.795,884211,0
2015-09-18,alpha-vantage,IWDA.LON,39.99,40.68,39.23,40.1,40.1,971777,0
2015-09-25,alpha-vantage,IWDA.LON,39.73,40.17,38.6,39.48,39.48,582751,0
2015-10-02,alpha-vantage,IWDA.LON,39.28,39.35,37.45,39,39,1200823,0
2015-10-09,alpha-vantage,IWDA.LON,39.68,41.33,39.68,41.245,41.245,108080,0
2015-10-16,alpha-vantage,IWDA.LON,41.19,41.4,40.44,41.305,41.305,4191687,0
2015-10-23,alpha-vantage,IWDA.LON,41.24,42.23,41.13,41.945,41.945,365520,0
2015-10-30,alpha-vantage,IWDA.LON,42.02,42.2,41.3,42.03,42.03,1169862,0
2015-11-06,alpha-vantage,IWDA.LON,41.77,42.52,41.77,41.89,41.89,665370,0
2015-11-13,alpha-vantage,IWDA.LON,42.15,42.15,40.73,40.83,40.83,222996,0
2015-11-20,alpha-vantage,IWDA.LON,40.73,42.15,40.69,42.07,42.07,806584,0
2015-11-27,alpha-vantage,IWDA.LON,42.08,42.2,41.53,41.96,41.96,490771,0
2015-12-04,alpha-vantage,IWDA.LON,41.76,42.32,41.29,41.645,41.645,488971,0
2015-12-11,alpha-vantage,IWDA.LON,41.89,42.01,40.45,40.45,40.45,891310,0
2015-12-18,alpha-vantage,IWDA.LON,40.43,41.54,39.97,40.52,40.52,659568,0
2015-12-24,alpha-vantage,IWDA.LON,40.4,41.47,40.28,41.35,41.35,1186904,0
2015-12-31,alpha-vantage,IWDA.LON,41.57,41.68,40.82,41.29,41.29,379625,0
2016-01-08,alpha-vantage,IWDA.LON,40.74,40.74,38.59,38.59,38.59,27211506,0
2016-01-15,alpha-vantage,IWDA.LON,38.46,39.05,37.29,37.435,37.435,2696713,0
2016-01-22,alpha-vantage,IWDA.LON,37.58,38.1057,36.3,37.86,37.86,5463253,0
2016-01-29,alpha-vantage,IWDA.LON,38.11,38.36,37.13,38.29,38.29,5988115,0
2016-02-05,alpha-vantage,IWDA.LON,38.74,38.74,37.45,37.685,37.685,2319253,0
2016-02-12,alpha-vantage,IWDA.LON,37.83,37.91,36,36.755,36.755,1947816,0
2016-02-19,alpha-vantage,IWDA.LON,37.46,38.98,37.35,38.095,38.095,4474653,0
2016-02-26,alpha-vantage,IWDA.LON,38.48,38.96,37.42,38.645,38.645,685231,0
2016-03-04,alpha-vantage,IWDA.LON,38.29,39.99,38.15,39.99,39.99,1744261,0
2016-03-11,alpha-vantage,IWDA.LON,39.8,40.305,39.42,40.305,40.305,1118831,0
2016-03-18,alpha-vantage,IWDA.LON,40.4,40.9,39.92,40.85,40.85,1252082,0
2016-03-24,alpha-vantage,IWDA.LON,40,40.88,40,40.13,40.13,620639,0
2016-04-01,alpha-vantage,IWDA.LON,40,41.22,40,40.64,40.64,386206,0
2016-04-08,alpha-vantage,IWDA.LON,40.75,40.98,40.13,40.645,40.645,543498,0
2016-04-15,alpha-vantage,IWDA.LON,40.55,41.65,40.4,41.535,41.535,842959,0
2016-04-22,alpha-vantage,IWDA.LON,41.44,42.36,41.14,41.85,41.85,483933,0
2016-04-29,alpha-vantage,IWDA.LON,42.02,42.1,41.33,41.33,41.33,246852,0
2016-05-06,alpha-vantage,IWDA.LON,41.79,41.79,40.53,40.81,40.81,447539,0
2016-05-13,alpha-vantage,IWDA.LON,41.1,41.46,40.82,41.07,41.07,279060,0
2016-05-20,alpha-vantage,IWDA.LON,40.9,41.43,40.43,40.99,40.99,604426,0
2016-05-27,alpha-vantage,IWDA.LON,40.82,41.8828,40.69,41.84,41.84,677824,0
2016-06-03,alpha-vantage,IWDA.LON,42.03,42.04,41.55,41.785,41.785,665474,0
2016-06-10,alpha-vantage,IWDA.LON,41.84,42.4888,41.57,41.63,41.63,569945,0
2016-06-17,alpha-vantage,IWDA.LON,41.51,41.51,40.27,40.74,40.74,879688,0
2016-06-24,alpha-vantage,IWDA.LON,41.61,42.45,39.66,40.585,40.585,2147621,0
2016-07-01,alpha-vantage,IWDA.LON,40.17,41.67,39.15,41.575,41.575,952852,0
2016-07-08,alpha-vantage,IWDA.LON,41.67,41.75,40.65,41.66,41.66,1281845,0
2016-07-15,alpha-vantage,IWDA.LON,41.82,42.91,41.8015,42.6,42.6,1022640,0
2016-07-22,alpha-vantage,IWDA.LON,42.71,42.85,42.44,42.67,42.67,280257,0
2016-07-29,alpha-vantage,IWDA.LON,42.78,43.08,42.58,43.06,43.06,641366,0
2016-08-05,alpha-vantage,IWDA.LON,43.31,43.31,42.52,43.06,43.06,573276,0
2016-08-12,alpha-vantage,IWDA.LON,43.13,43.6,43.07,43.54,43.54,685189,0
2016-08-19,alpha-vantage,IWDA.LON,43.5,43.76,43.24,43.44,43.44,490500,0
2016-08-26,alpha-vantage,IWDA.LON,43.27,43.73,43.27,43.54,43.54,1256828,0
2016-09-02,alpha-vantage,IWDA.LON,43.34,43.62,43.06,43.605,43.605,495245,0
2016-09-09,alpha-vantage,IWDA.LON,43.68,44.68,43.15,43.2,43.2,355467,0
2016-09-16,alpha-vantage,IWDA.LON,42.7,43.02,42.19,42.505,42.505,724128,0
2016-09-23,alpha-vantage,IWDA.LON,42.8,43.87,42.77,43.56,43.56,751418,0
2016-09-30,alpha-vantage,IWDA.LON,43.39,43.63,42.84,43.49,43.49,694664,0
2016-10-07,alpha-vantage,IWDA.LON,43.39,43.51,43.01,43.02,43.02,1690803,0
2016-10-14,alpha-vantage,IWDA.LON,43.09,43.38,42.2,42.71,42.71,573793,0
2016-10-21,alpha-vantage,IWDA.LON,42.55,43,42.44,42.74,42.74,496350,0
2016-10-28,alpha-vantage,IWDA.LON,42.99,43.1,42.45,42.75,42.75,730228,0
2016-11-04,alpha-vantage,IWDA.LON,42.76,42.76,41.76,41.97,41.97,3526129,0
2016-11-11,alpha-vantage,IWDA.LON,42.28,43.41,41.577,42.62,42.62,1395955,0
2016-11-18,alpha-vantage,IWDA.LON,43.17,43.17,42.61,42.85,42.85,1753409,0
2016-11-25,alpha-vantage,IWDA.LON,43.02,43.37,42.8106,43.355,43.355,1146961,0
2016-12-02,alpha-vantage,IWDA.LON,43.37,43.48,42.92,43.195,43.195,2014493,0
2016-12-09,alpha-vantage,IWDA.LON,43.06,44.44,43.03,44.39,44.39,1691488,0
2016-12-16,alpha-vantage,IWDA.LON,44.48,44.889,44.17,44.38,44.38,2868233,0
2016-12-23,alpha-vantage,IWDA.LON,44.47,44.53,44.31,44.42,44.42,1034714,0
2016-12-30,alpha-vantage,IWDA.LON,44.72,44.72,44.2,44.385,44.385,375913,0
2017-01-06,alpha-vantage,IWDA.LON,44.49,45.05,44.34,45.05,45.05,2896311,0
2017-01-13,alpha-vantage,IWDA.LON,45.14,45.39,44.82,45.25,45.25,548757,0
2017-01-20,alpha-vantage,IWDA.LON,45.07,45.16,44.93,45.12,45.12,1066198,0
2017-01-27,alpha-vantage,IWDA.LON,45.01,46.03,44.92,45.56,45.56,1518376,0
2017-02-03,alpha-vantage,IWDA.LON,45.4,45.71,45.07,45.66,45.66,1008699,0
2017-02-10,alpha-vantage,IWDA.LON,45.55,45.875,45.34,45.875,45.875,1665676,0
2017-02-17,alpha-vantage,IWDA.LON,45.94,46.49,45.93,46.29,46.29,1301672,0
2017-02-24,alpha-vantage,IWDA.LON,46.55,46.76,46.3503,46.47,46.47,2101040,0
2017-03-03,alpha-vantage,IWDA.LON,46.62,47.05,46.43,46.715,46.715,1299150,0
2017-03-10,alpha-vantage,IWDA.LON,46.65,46.87,46.38,46.68,46.68,737939,0
2017-03-17,alpha-vantage,IWDA.LON,46.83,47.5,46.55,47.225,47.225,1563013,0
2017-03-24,alpha-vantage,IWDA.LON,47.2,47.37,46.44,46.88,46.88,1105040,0
2017-03-31,alpha-vantage,IWDA.LON,46.41,47.23,46.41,47.1,47.1,908635,0
2017-04-07,alpha-vantage,IWDA.LON,47.33,47.33,46.5,46.87,46.87,4239122,0
2017-04-13,alpha-vantage,IWDA.LON,46.87,47.02,46.6,46.76,46.76,705731,0
2017-04-21,alpha-vantage,IWDA.LON,46.89,46.95,46.56,46.8,46.8,1614175,0
2017-04-28,alpha-vantage,IWDA.LON,47.49,47.98,47.41,47.74,47.74,2360832,0
2017-05-05,alpha-vantage,IWDA.LON,47.93,48.1812,47.7262,48.16,48.16,1290585,0
2017-05-12,alpha-vantage,IWDA.LON,48.35,48.35,47.92,48.19,48.19,4194767,0
2017-05-19,alpha-vantage,IWDA.LON,48.35,48.62,47.57,48.34,48.34,5172457,0
2017-05-26,alpha-vantage,IWDA.LON,48.43,48.88,48.3,48.74,48.74,3044667,0
2017-06-02,alpha-vantage,IWDA.LON,48.63,49.2824,48.57,49.255,49.255,1150529,0
2017-06-09,alpha-vantage,IWDA.LON,49.31,49.31,49.02,49.25,49.25,1917146,0
2017-06-16,alpha-vantage,IWDA.LON,49.03,49.37,48.71,49,49,4993338,0
2017-06-23,alpha-vantage,IWDA.LON,49.34,49.45,48.9,49.16,49.16,1556573,0
2017-06-30,alpha-vantage,IWDA.LON,49.25,49.6,48.895,48.895,48.895,1619630,0
2017-07-07,alpha-vantage,IWDA.LON,49.05,49.24,48.66,48.86,48.86,1901518,0
2017-07-14,alpha-vantage,IWDA.LON,49.03,49.7,48.8,49.68,49.68,1405273,0
2017-07-21,alpha-vantage,IWDA.LON,49.78,50.23,49.66,50,50,561810,0
2017-07-28,alpha-vantage,IWDA.LON,49.94,50.4,49.89,50.04,50.04,763312,0
2017-08-04,alpha-vantage,IWDA.LON,50.05,50.5737,50.05,50.335,50.335,2034822,0
2017-08-11,alpha-vantage,IWDA.LON,50.42,50.45,49.32,49.49,49.49,2193087,0
2017-08-18,alpha-vantage,IWDA.LON,49.8,50.14,49.3,49.455,49.455,905683,0
2017-08-25,alpha-vantage,IWDA.LON,49.31,49.94,49.27,49.79,49.79,1093157,0
2017-09-01,alpha-vantage,IWDA.LON,49.65,50.4159,49.43,50.36,50.36,806108,0
2017-09-08,alpha-vantage,IWDA.LON,50.05,50.44,50.0158,50.405,50.405,2695643,0
2017-09-15,alpha-vantage,IWDA.LON,50.64,50.95,50.56,50.91,50.91,4365437,0
2017-09-22,alpha-vantage,IWDA.LON,51.09,51.24,50.98,51.06,51.06,1306456,0
2017-09-29,alpha-vantage,IWDA.LON,51,51.32,50.84,51.32,51.32,1532782,0
2017-10-06,alpha-vantage,IWDA.LON,51.29,51.82,51.28,51.67,51.67,1219607,0
2017-10-13,alpha-vantage,IWDA.LON,51.76,52.18,51.69,52.12,52.12,8184603,0
2017-10-20,alpha-vantage,IWDA.LON,52.16,52.29,51.84,52.19,52.19,5341036,0
2017-10-27,alpha-vantage,IWDA.LON,52.32,52.35,51.83,52.205,52.205,1018973,0
2017-11-03,alpha-vantage,IWDA.LON,52.25,52.6,52.17,52.49,52.49,1581053,0
2017-11-10,alpha-vantage,IWDA.LON,52.48,52.7,52.23,52.29,52.29,10194712,0
2017-11-17,alpha-vantage,IWDA.LON,52.57,52.57,51.82,52.26,52.26,1199925,0
2017-11-24,alpha-vantage,IWDA.LON,52.17,53.01,52.13,52.99,52.99,2051469,0
2017-12-01,alpha-vantage,IWDA.LON,52.94,53.46,52.85,53.07,53.07,1747333,0
2017-12-08,alpha-vantage,IWDA.LON,53.52,53.62,52.78,53.29,53.29,1358716,0
2017-12-15,alpha-vantage,IWDA.LON,53.52,53.79,53.39,53.65,53.65,9156412,0
2017-12-22,alpha-vantage,IWDA.LON,53.96,54.19,53.73,54.04,54.04,11063637,0
2017-12-29,alpha-vantage,IWDA.LON,54.93,54.93,52.864,54.49,54.49,2121731,0
2018-01-05,alpha-vantage,IWDA.LON,54.5,55.46,54.17,55.425,55.425,2827763,0
2018-01-12,alpha-vantage,IWDA.LON,55.55,56.34,55.45,56.275,56.275,2092000,0
2018-01-19,alpha-vantage,IWDA.LON,56.54,56.85,56.36,56.76,56.76,1731773,0
2018-01-26,alpha-vantage,IWDA.LON,56.76,57.76,56.585,57.67,57.67,4432773,0
2018-02-02,alpha-vantage,IWDA.LON,57.87,57.87,56.28,56.28,56.28,2474230,0
2018-02-09,alpha-vantage,IWDA.LON,55.55,56.56,52.14,52.38,52.38,3037281,0
2018-02-16,alpha-vantage,IWDA.LON,53.2,55.51,53.09,55.325,55.325,2561912,0
2018-02-23,alpha-vantage,IWDA.LON,55.38,55.4,54.24,54.92,54.92,3331187,0
2018-03-02,alpha-vantage,IWDA.LON,55.5,55.87,53.29,53.5,53.5,1098757,0
2018-03-09,alpha-vantage,IWDA.LON,53.47,55.41,53.47,55.41,55.41,607282,0
2018-03-16,alpha-vantage,IWDA.LON,55.86,55.89,55,55.17,55.17,610786,0
2018-03-23,alpha-vantage,IWDA.LON,54.98,54.98,52.9,53.15,53.15,863705,0
2018-03-29,alpha-vantage,IWDA.LON,53.2,54.03,52.7,53.405,53.405,1261323,0
2018-04-06,alpha-vantage,IWDA.LON,53,54.07,52.13,53.51,53.51,1012422,0
2018-04-13,alpha-vantage,IWDA.LON,53.78,54.52,53.39,54.18,54.18,1351717,0
2018-04-20,alpha-vantage,IWDA.LON,54.49,55.12,54.18,54.37,54.37,1167054,0
2018-04-27,alpha-vantage,IWDA.LON,54.68,54.69,53.47,54.36,54.36,1419018,0
2018-05-04,alpha-vantage,IWDA.LON,54.43,54.5748,53.2,54.15,54.15,1261983,0
2018-05-11,alpha-vantage,IWDA.LON,54.43,55.43,54.19,55.32,55.32,780649,0
2018-05-18,alpha-vantage,IWDA.LON,55.57,55.62,54.93,55.13,55.13,1053321,0
2018-05-25,alpha-vantage,IWDA.LON,55.29,55.61,54.7,54.92,54.92,1722298,0
2018-06-01,alpha-vantage,IWDA.LON,54.49,55.15,54.0624,54.86,54.86,1482168,0
2018-06-08,alpha-vantage,IWDA.LON,55.16,55.8,55.04,55.47,55.47,880581,0
2018-06-15,alpha-vantage,IWDA.LON,55.72,55.9,55.375,55.395,55.395,2110795,0
2018-06-22,alpha-vantage,IWDA.LON,55.21,55.39,54.55,55.17,55.17,764327,0
2018-06-29,alpha-vantage,IWDA.LON,54.77,54.82,53.78,54.65,54.65,1100543,0
2018-07-06,alpha-vantage,IWDA.LON,53.95,55.03,53.8,55.015,55.015,1358025,0
2018-07-13,alpha-vantage,IWDA.LON,55.37,55.7,55.12,55.62,55.62,1188742,0
2018-07-20,alpha-vantage,IWDA.LON,55.68,55.86,55.41,55.79,55.79,497841,0
2018-07-27,alpha-vantage,IWDA.LON,55.77,56.53,55.61,56.39,56.39,1011332,0
2018-08-03,alpha-vantage,IWDA.LON,56,56.23,55.45,56.12,56.12,1039873,0
2018-08-10,alpha-vantage,IWDA.LON,56.14,56.59,55.7,55.84,55.84,2646366,0
2018-08-17,alpha-vantage,IWDA.LON,55.51,55.85,54.89,55.67,55.67,1167636,0
2018-08-24,alpha-vantage,IWDA.LON,55.88,56.43,55.88,56.43,56.43,1335616,0
2018-08-31,alpha-vantage,IWDA.LON,57.04,57.24,56.7,56.7,56.7,2402752,0
2018-09-07,alpha-vantage,IWDA.LON,56.78,56.91,55.7,55.97,55.97,719673,0
2018-09-14,alpha-vantage,IWDA.LON,55.96,56.8,55.77,56.71,56.71,886378,0
2018-09-21,alpha-vantage,IWDA.LON,56.61,57.7014,56.54,57.61,57.61,675295,0
2018-09-28,alpha-vantage,IWDA.LON,57.4,57.74,56.9076,57.23,57.23,1128725,0
2018-10-05,alpha-vantage,IWDA.LON,57.02,57.56,56.32,56.32,56.32,1140274,0
2018-10-12,alpha-vantage,IWDA.LON,56.32,56.32,53.66,53.9,53.9,2212650,0
2018-10-19,alpha-vantage,IWDA.LON,53.8,55.07,53.52,54.21,54.21,1073615,0
2018-10-26,alpha-vantage,IWDA.LON,54.25,54.28,51.3056,51.95,51.95,1599692,0
2018-11-02,alpha-vantage,IWDA.LON,52.08,54.08,51.63,53.17,53.17,2260991,0
2018-11-09,alpha-vantage,IWDA.LON,53.24,54.77,53.14,54.06,54.06,2381278,0
2018-11-16,alpha-vantage,IWDA.LON,54.14,54.14,52.3,53.17,53.17,1841297,0
2018-11-23,alpha-vantage,IWDA.LON,53.4,53.55,51.56,51.87,51.87,2381150,0
2018-11-30,alpha-vantage,IWDA.LON,52.14,53.44,52.1,53.23,53.23,1885464,0
2018-12-07,alpha-vantage,IWDA.LON,54.59,54.65,51.15,51.86,51.86,2365235,0
2018-12-14,alpha-vantage,IWDA.LON,51.34,52.25,50.5,51.24,51.24,4492088,0
2018-12-21,alpha-vantage,IWDA.LON,51.06,51.11,48.58,48.88,48.88,5147824,0
2018-12-24,alpha-vantage,IWDA.LON,48.24,48.27,47.675,47.675,47.675,80261,0
2018-12-28,alpha-vantage,IWDA.LON,49,49.57,47.78,49.2,49.2,2889537,0
2019-01-04,alpha-vantage,IWDA.LON,49.4,49.98,48.43,49.86,49.86,1173267,0
2019-01-11,alpha-vantage,IWDA.LON,50.38,51.53,49.97,51.29,51.29,3310960,0
2019-01-18,alpha-vantage,IWDA.LON,51.02,52.62,50.84,52.6,52.6,2017851,0
2019-01-25,alpha-vantage,IWDA.LON,52.43,52.73,51.83,52.63,52.63,1708842,0
2019-02-01,alpha-vantage,IWDA.LON,52.46,53.49,52.01,53.43,53.43,1975406,0
2019-02-08,alpha-vantage,IWDA.LON,53.34,53.9,52.78,52.8,52.8,2478268,0
2019-02-15,alpha-vantage,IWDA.LON,53.13,54.42,53.11,54.38,54.38,969942,0
2019-02-22,alpha-vantage,IWDA.LON,54.52,54.99,54.35,54.96,54.96,1014941,0
2019-03-01,alpha-vantage,IWDA.LON,55.06,55.36,54.83,55.09,55.09,2012055,0
2019-03-08,alpha-vantage,IWDA.LON,55.4,55.42,53.75,53.92,53.92,4155230,0
2019-03-15,alpha-vantage,IWDA.LON,54.19,55.73,54.18,55.71,55.71,3686365,0
2019-03-22,alpha-vantage,IWDA.LON,55.82,56.3,55.21,55.26,55.26,1182402,0
2019-03-29,alpha-vantage,IWDA.LON,55,55.71,54.87,55.59,55.59,850696,0
2019-04-05,alpha-vantage,IWDA.LON,55.96,57.01,55.96,56.815,56.815,1716059,0
2019-04-12,alpha-vantage,IWDA.LON,57,57.17,56.58,57.04,57.04,1615973,0
2019-04-18,alpha-vantage,IWDA.LON,57.16,57.45,50.7,57.05,57.05,2555632,0
2019-04-26,alpha-vantage,IWDA.LON,57.5,57.56,57.06,57.38,57.38,3243689,0
2019-05-03,alpha-vantage,IWDA.LON,57.47,57.97,57.07,57.63,57.63,1794664,0
2019-05-10,alpha-vantage,IWDA.LON,57.3,57.34,55.49,55.55,55.55,1063381,0
2019-05-17,alpha-vantage,IWDA.LON,55.94,56.55,55.15,56.33,56.33,3323308,0
2019-05-24,alpha-vantage,IWDA.LON,56.28,56.31,55.21,55.55,55.55,1990653,0
2019-05-31,alpha-vantage,IWDA.LON,55.77,55.82,54.1883,54.5,54.5,3255791,0
2019-06-07,alpha-vantage,IWDA.LON,54.11,56.71,53.94,56.57,56.57,1618427,0
2019-06-14,alpha-vantage,IWDA.LON,56.75,57.22,56.48,56.53,56.53,1674349,0
2019-06-21,alpha-vantage,IWDA.LON,56.68,58.17,56.49,58.02,58.02,2017980,0
2019-06-28,alpha-vantage,IWDA.LON,58.03,58.06,57.37,57.82,57.82,1390686,0
2019-07-05,alpha-vantage,IWDA.LON,58.67,58.95,58.16,58.42,58.42,7125889,0
2019-07-12,alpha-vantage,IWDA.LON,58.38,58.8122,57.99,58.75,58.75,1413721,0
2019-07-19,alpha-vantage,IWDA.LON,58.94,59.02,58.18,58.6,58.6,1036688,0
2019-07-26,alpha-vantage,IWDA.LON,58.35,59.16,58.31,58.91,58.91,3151756,0
2019-08-02,alpha-vantage,IWDA.LON,58.86,58.99,56.89,56.93,56.93,1538193,0
2019-08-09,alpha-vantage,IWDA.LON,56.59,57.07,55.0243,56.54,56.54,2117655,0
2019-08-16,alpha-vantage,IWDA.LON,56.99,57.15,55,56.21,56.21,2539199,0
2019-08-23,alpha-vantage,IWDA.LON,56.72,57.09,56.14,56.14,56.14,1624222,0
2019-08-30,alpha-vantage,IWDA.LON,56.11,57.31,55.7,56.91,56.91,1296208,0
2019-09-06,alpha-vantage,IWDA.LON,56.9,58.18,56.47,58.15,58.15,1779144,0
2019-09-13,alpha-vantage,IWDA.LON,58.29,59.09,57.81,58.94,58.94,1094476,0
2019-09-20,alpha-vantage,IWDA.LON,58.6,59.07,58.49,58.88,58.88,1596682,0
2019-09-27,alpha-vantage,IWDA.LON,58.74,58.83,57.81,58.43,58.43,712404,0
2019-10-04,alpha-vantage,IWDA.LON,58.22,58.78,56.07,57.37,57.37,1572267,0
2019-10-11,alpha-vantage,IWDA.LON,57.36,58.68,56.7,58.68,58.68,2750580,0
2019-10-18,alpha-vantage,IWDA.LON,58.4,59.1,57.97,58.77,58.77,676375,0
2019-10-25,alpha-vantage,IWDA.LON,58.85,59.49,58.75,59.49,59.49,1775753,0
2019-11-01,alpha-vantage,IWDA.LON,59.42,60.23,59.42,60.14,60.14,1147653,0
2019-11-08,alpha-vantage,IWDA.LON,60.33,60.86,60.33,60.59,60.59,1036661,0
2019-11-15,alpha-vantage,IWDA.LON,60.52,61.03,60.35,61.03,61.03,1280325,0
2019-11-22,alpha-vantage,IWDA.LON,61.22,61.43,60.62,60.76,60.76,1259245,0
2019-11-29,alpha-vantage,IWDA.LON,61.13,61.67,61.08,61.45,61.45,959364,0
2019-12-06,alpha-vantage,IWDA.LON,61.54,61.72,54.95,61.63,61.63,1372417,0
2019-12-13,alpha-vantage,IWDA.LON,61.52,62.5,60.99,62.03,62.03,2543057,0
2019-12-20,alpha-vantage,IWDA.LON,62.32,63.03,62.32,63.03,63.03,2139977,0
2019-12-24,alpha-vantage,IWDA.LON,62.91,63.11,62.91,63.06,63.06,1022419,0
2019-12-27,alpha-vantage,IWDA.LON,63.48,63.56,63.31,63.41,63.41,230392,0
2020-01-03,alpha-vantage,IWDA.LON,63.37,63.66,62.75,63.37,63.37,2413180,0
2020-01-10,alpha-vantage,IWDA.LON,63.05,64.05,62.73,63.87,63.87,2226683,0
2020-01-17,alpha-vantage,IWDA.LON,63.86,64.78,63.7,64.71,64.71,2905211,0
2020-01-24,alpha-vantage,IWDA.LON,64.71,64.9,64.187,64.41,64.41,1468549,0
2020-01-31,alpha-vantage,IWDA.LON,63.51,63.93,62.8,62.91,62.91,1788890,0
2020-02-07,alpha-vantage,IWDA.LON,62.91,65.04,62.8,64.58,64.58,1725594,0
2020-02-14,alpha-vantage,IWDA.LON,64.56,65.35,64.25,65.22,65.22,782472,0
2020-02-21,alpha-vantage,IWDA.LON,65.41,65.41,64.33,64.62,64.62,4136930,0
2020-02-28,alpha-vantage,IWDA.LON,63.67,63.67,55.85,56.91,56.91,5383670,0
2020-03-06,alpha-vantage,IWDA.LON,58.4,60.45,56.7,57.55,57.55,3281578,0
2020-03-13,alpha-vantage,IWDA.LON,54.25,55.88,47.41,48.47,48.47,5019794,0
2020-03-20,alpha-vantage,IWDA.LON,48.47,48.5026,44.09,45.57,45.57,5339974,0
2020-03-27,alpha-vantage,IWDA.LON,42.88,50.18,42.47,49.2,49.2,4520841,0
2020-04-03,alpha-vantage,IWDA.LON,49.25,50.77,47.27,47.87,47.87,3006971,0
2020-04-09,alpha-vantage,IWDA.LON,49.51,53.5,49.3,53.18,53.18,1338252,0
2020-04-17,alpha-vantage,IWDA.LON,53.7,54.42,52.4,53.72,53.72,1768850,0
2020-04-24,alpha-vantage,IWDA.LON,54.23,54.2395,51.9,53.05,53.05,1747590,0
2020-05-01,alpha-vantage,IWDA.LON,54.1,56.33,53.8,53.93,53.93,1895811,0
2020-05-07,alpha-vantage,IWDA.LON,53.54,54.85,53.02,54.85,54.85,1357305,0
2020-05-15,alpha-vantage,IWDA.LON,55.95,55.98,52.6,53.78,53.78,1328233,0
2020-05-22,alpha-vantage,IWDA.LON,54.73,56.63,54.73,55.72,55.72,1720471,0
2020-05-29,alpha-vantage,IWDA.LON,57.34,58.41,56.82,57.61,57.61,1781917,0
2020-06-05,alpha-vantage,IWDA.LON,58.2,61.578,57.92,61.56,61.56,2452271,0
2020-06-12,alpha-vantage,IWDA.LON,61.25,61.87,57.87,58.42,58.42,2136185,0
2020-06-19,alpha-vantage,IWDA.LON,56.89,60.76,56.7,60.16,60.16,1393440,0
2020-06-26,alpha-vantage,IWDA.LON,59.49,60.85,58.11,58.54,58.54,1957520,0
2020-07-03,alpha-vantage,IWDA.LON,58.52,60.93,58.11,60.16,60.16,2823283,0
2020-07-10,alpha-vantage,IWDA.LON,61.15,61.35,60.07,60.89,60.89,1460357,0
2020-07-17,alpha-vantage,IWDA.LON,61.51,62.5,60.5,62.06,62.06,1257341,0
2020-07-24,alpha-vantage,IWDA.LON,61.99,63.42,61.7,62.09,62.09,1245486,0
2020-07-31,alpha-vantage,IWDA.LON,62.64,62.8,61.61,62.1,62.1,1618323,0
2020-08-07,alpha-vantage,IWDA.LON,62.44,64,62.26,63.85,63.85,1381759,0
2020-08-14,alpha-vantage,IWDA.LON,63.98,64.98,63.7,64.68,64.68,1274049,0
2020-08-21,alpha-vantage,IWDA.LON,64.71,65.28,64.23,64.71,64.71,814335,0
2020-08-28,alpha-vantage,IWDA.LON,65.22,66.68,65.22,66.45,66.45,1693093,0
2020-09-04,alpha-vantage,IWDA.LON,66.89,67.95,63.88,64.38,64.38,1211063,0
2020-09-11,alpha-vantage,IWDA.LON,64.74,65.6,63.7,64.37,64.37,1112321,0
2020-09-18,alpha-vantage,IWDA.LON,64.7,65.85,64.2,64.41,64.41,630106,0
2020-09-25,alpha-vantage,IWDA.LON,64.08,64.46,61.88,62.73,62.73,1682870,0
2020-10-02,alpha-vantage,IWDA.LON,62.73,64.96,62.73,64.32,64.32,1317472,0
2020-10-09,alpha-vantage,IWDA.LON,64.67,66.49,64.5,66.44,66.44,685123,0
2020-10-16,alpha-vantage,IWDA.LON,66.69,67.4,65.5,66.61,66.61,1143195,0
2020-10-23,alpha-vantage,IWDA.LON,66.6,66.77,65.2,65.87,65.87,1370720,0
2020-10-30,alpha-vantage,IWDA.LON,65.55,65.55,61.86,62.25,62.25,1332107,0
2020-11-06,alpha-vantage,IWDA.LON,62.55,67.39,62.4,67.12,67.12,3342432,0
2020-11-13,alpha-vantage,IWDA.LON,68.07,70.73,67.72,68.52,68.52,2683604,0
2020-11-20,alpha-vantage,IWDA.LON,69.47,69.98,68.63,69.5,69.5,2337404,0
2020-11-27,alpha-vantage,IWDA.LON,69.52,70.89,69.1,70.85,70.85,2116482,0
2020-12-04,alpha-vantage,IWDA.LON,70.37,71.84,69.98,71.84,71.84,2953615,0
2020-12-11,alpha-vantage,IWDA.LON,71.81,72.34,70.79,71.17,71.17,1943094,0
2020-12-18,alpha-vantage,IWDA.LON,71.9,73.04,71.4,72.45,72.45,1641038,0
2020-12-24,alpha-vantage,IWDA.LON,72.04,72.83,70.4,72.43,72.43,1196592,0
2020-12-31,alpha-vantage,IWDA.LON,73.43,73.67,73,73.15,73.15,838915,0
2021-01-08,alpha-vantage,IWDA.LON,73.8,75.05,72.44,74.87,74.87,1276758,0
2021-01-15,alpha-vantage,IWDA.LON,74.59,75.06,73.6,74.1,74.1,1267470,0
2021-01-22,alpha-vantage,IWDA.LON,73.73,75.71,73.73,75.04,75.04,1919633,0
2021-01-29,alpha-vantage,IWDA.LON,75.45,75.5,72.4,72.79,72.79,2005235,0
2021-02-05,alpha-vantage,IWDA.LON,73.02,75.75,72.81,75.67,75.67,1346277,0
2021-02-12,alpha-vantage,IWDA.LON,76.03,76.82,75.86,76.82,76.82,1189073,0
2021-02-19,alpha-vantage,IWDA.LON,77.3,77.76,75.95,76.93,76.93,1797765,0
2021-02-26,alpha-vantage,IWDA.LON,76.1,76.86,74.08,74.83,74.83,2940252,0
2021-03-05,alpha-vantage,IWDA.LON,75.28,76.2,72.92,73.04,73.04,2620988,0
2021-03-12,alpha-vantage,IWDA.LON,74.3,76.84,73.92,76.44,76.44,3143821,0
2021-03-19,alpha-vantage,IWDA.LON,76.71,77.43,75.9,76.52,76.52,2292167,0
2021-03-26,alpha-vantage,IWDA.LON,76.1,76.89,75.01,76.53,76.53,2444549,0
2021-04-01,alpha-vantage,IWDA.LON,76.75,77.68,76.5,77.61,77.61,1142218,0
2021-04-09,alpha-vantage,IWDA.LON,78.62,80,78.36,79.37,79.37,2373454,0
2021-04-16,alpha-vantage,IWDA.LON,79.52,80.88,79.33,80.79,80.79,1691678,0
2021-04-23,alpha-vantage,IWDA.LON,80.8,80.96,79.5,80.66,80.66,1412797,0
2021-04-30,alpha-vantage,IWDA.LON,80.83,81.48,80.5,80.58,80.58,1491599,0
2021-05-07,alpha-vantage,IWDA.LON,80.77,81.81,79.56,81.81,81.81,3763542,0
2021-05-14,alpha-vantage,IWDA.LON,81.87,81.99,77.95,80.55,80.55,2263216,0
2021-05-21,alpha-vantage,IWDA.LON,80.6,81.27,78.9,81.04,81.04,1658266,0
2021-05-28,alpha-vantage,IWDA.LON,81.04,81.99,80.99,81.96,81.96,1390996,0
2021-06-04,alpha-vantage,IWDA.LON,81.89,82.37,81.23,82.24,82.24,2526894,0
2021-06-11,alpha-vantage,IWDA.LON,82.25,82.85,81.384,82.63,82.63,2851633,0
2021-06-18,alpha-vantage,IWDA.LON,82.87,83.27,81.11,81.27,81.27,1358905,0
2021-06-25,alpha-vantage,IWDA.LON,80.81,83.13,80.74,83.07,83.07,2012236,0
2021-07-02,alpha-vantage,IWDA.LON,83.14,83.58,82.68,83.53,83.53,1608636,0
2021-07-09,alpha-vantage,IWDA.LON,83.67,83.9,82.36,83.9,83.9,1944713,0
2021-07-16,alpha-vantage,IWDA.LON,83.97,84.42,83.29,83.44,83.44,735967,0
2021-07-23,alpha-vantage,IWDA.LON,82.71,84.54,81.33,84.49,84.49,1497515,0
2021-07-30,alpha-vantage,IWDA.LON,84.28,85.13,84,84.46,84.46,1516387,0
2021-08-06,alpha-vantage,IWDA.LON,84.99,85.41,84.28,85.18,85.18,1361460,0
2021-08-13,alpha-vantage,IWDA.LON,85.06,86.01,85.01,85.96,85.96,526490,0
2021-08-20,alpha-vantage,IWDA.LON,85.62,85.76,83.47,84.71,84.71,1950347,0
2021-08-27,alpha-vantage,IWDA.LON,85.32,86.28,85.11,86.25,86.25,1423532,0
2021-09-03,alpha-vantage,IWDA.LON,86.92,87.39,86.4,87.18,87.18,1629940,0
2021-09-10,alpha-vantage,IWDA.LON,87.34,87.67,86.15,86.36,86.36,1584954,0
2021-09-17,alpha-vantage,IWDA.LON,86.26,86.56,85.27,85.38,85.38,664771,0
2021-09-24,alpha-vantage,IWDA.LON,84.32,85.82,83.47,85.3,85.3,1547664,0
2021-10-01,alpha-vantage,IWDA.LON,85.96,86.03,81.95,82.98,82.98,2382809,0
2021-10-08,alpha-vantage,IWDA.LON,82.98,84.53,81.82,84.11,84.11,1352436,0
2021-10-15,alpha-vantage,IWDA.LON,83.83,85.8,82.8,85.74,85.74,1061803,0
2021-10-22,alpha-vantage,IWDA.LON,85.48,87.23,85.26,86.77,86.77,798027,0
2021-10-29,alpha-vantage,IWDA.LON,87.08,87.78,86.77,87.52,87.52,1136032,0
2021-11-05,alpha-vantage,IWDA.LON,87.89,89.53,87.7,89.39,89.39,2707256,0
2021-11-12,alpha-vantage,IWDA.LON,89.08,89.53,88.33,88.97,88.97,1972650,0
2021-11-19,alpha-vantage,IWDA.LON,89.06,89.5,88.63,89.04,89.04,847249,0
2021-11-26,alpha-vantage,IWDA.LON,89.03,89.37,86.21,86.3,86.3,1560929,0
2021-12-03,alpha-vantage,IWDA.LON,87.01,87.32,84.84,85.26,85.26,2634121,0
2021-12-10,alpha-vantage,IWDA.LON,85.65,88.51,85.19,87.68,87.68,1631952,0
2021-12-17,alpha-vantage,IWDA.LON,88.25,88.86,86.32,87.09,87.09,1474518,0
2021-12-24,alpha-vantage,IWDA.LON,85.51,88.98,85.02,88.8,88.8,1872735,0
2021-12-31,alpha-vantage,IWDA.LON,89.78,89.94,89.19,89.38,89.38,1311831,0
2022-01-07,alpha-vantage,IWDA.LON,90.07,90.27,87.58,87.89,87.89,1285833,0
2022-01-14,alpha-vantage,IWDA.LON,88.11,89.45,86.18,87.39,87.39,2234146,0
2022-01-21,alpha-vantage,IWDA.LON,87.81,88.07,83.84,84.86,84.86,1612071,0
2022-01-28,alpha-vantage,IWDA.LON,83.81,84.07,80.68,82.21,82.21,2905900,0
2022-02-04,alpha-vantage,IWDA.LON,83.43,86.39,82.9,84.41,84.41,3053766,0
2022-02-11,alpha-vantage,IWDA.LON,84.87,86.7,84.3,85.02,85.02,1659043,0
2022-02-18,alpha-vantage,IWDA.LON,83.71,85.07,82.5,82.73,82.73,2651575,0
2022-02-25,alpha-vantage,IWDA.LON,83.14,83.32,77.82,82.34,82.34,3212971,0
2022-03-04,alpha-vantage,IWDA.LON,81.66,83.08,79.58,79.66,79.66,5879193,0
2022-03-11,alpha-vantage,IWDA.LON,78.87,80.78,77.127,79.29,79.29,2617004,0
2022-03-18,alpha-vantage,IWDA.LON,79.11,83.2,77.54,83.2,83.2,2108197,0
2022-03-25,alpha-vantage,IWDA.LON,83.34,84.83,83.28,84.31,84.31,1321758,0
2022-04-01,alpha-vantage,IWDA.LON,84.36,86.44,84.25,84.73,84.73,2046580,0
2022-04-08,alpha-vantage,IWDA.LON,85.11,85.77,83.08,84.07,84.07,3174220,0
2022-04-14,alpha-vantage,IWDA.LON,83.29,83.67,81.93,82.8,82.8,714053,0
2022-04-22,alpha-vantage,IWDA.LON,82.24,84.16,80.93,80.97,80.97,960837,0
2022-04-29,alpha-vantage,IWDA.LON,79.02,80.19,77.7,79.15,79.15,1806895,0
2022-05-06,alpha-vantage,IWDA.LON,77.93,80.05,75.93,76.91,76.91,1511199,0
2022-05-13,alpha-vantage,IWDA.LON,76.02,76.29,72.52,75.28,75.28,2121660,0
2022-05-20,alpha-vantage,IWDA.LON,74.85,76.55,72.88,73.62,73.62,1428913,0
2022-05-27,alpha-vantage,IWDA.LON,75.15,77.87,73.85,77.79,77.79,1296454,0
2022-06-01,alpha-vantage,IWDA.LON,78.98,79.17,76.9489,77.06,77.06,828785,0
2022-06-10,alpha-vantage,IWDA.LON,77.99,78.6,73.5926,73.6,73.6,1869905,0
2022-06-17,alpha-vantage,IWDA.LON,72.27,72.52,68.81,69.36,69.36,1652301,0
2022-06-24,alpha-vantage,IWDA.LON,69.7,72.9,69.5,72.79,72.79,1438824,0
2022-07-01,alpha-vantage,IWDA.LON,73.3,73.95,70.25,71.06,71.06,2014545,0
2022-07-08,alpha-vantage,IWDA.LON,71.52,73.06,70,73.01,73.01,1058183,0
2022-07-15,alpha-vantage,IWDA.LON,71.97,72.64,69.36,71.72,71.72,1135639,0
2022-07-22,alpha-vantage,IWDA.LON,72.31,74.9,71.63,74.16,74.16,871805,0
2022-07-29,alpha-vantage,IWDA.LON,73.89,76.6,73.33,76.27,76.27,1316363,0
2022-08-05,alpha-vantage,IWDA.LON,76.7,77.48,76.07,76.52,76.52,766975,0
2022-08-12,alpha-vantage,IWDA.LON,77.13,79.21,76.5,78.83,78.83,1009659,0
2022-08-19,alpha-vantage,IWDA.LON,79.22,79.69,77.88,77.95,77.95,625849,0
2022-08-26,alpha-vantage,IWDA.LON,77.55,78.59,75.88,76.11,76.11,823719,0
2022-09-02,alpha-vantage,IWDA.LON,74.92,75.53,72.14,74.1,74.1,1915387,0
2022-09-09,alpha-vantage,IWDA.LON,72.77,75.11,71.88,74.99,74.99,1972970,0
2022-09-16,alpha-vantage,IWDA.LON,75.45,76.82,71.4,71.68,71.68,1623227,0
2022-09-23,alpha-vantage,IWDA.LON,72.48,72.76,68.1,68.24,68.24,1072510,0
2022-09-30,alpha-vantage,IWDA.LON,67.58,68.45,66.25,67.88,67.88,3824455,0
2022-10-07,alpha-vantage,IWDA.LON,66.56,70.5,66.44,68.12,68.12,1957931,0
2022-10-14,alpha-vantage,IWDA.LON,67.42,68.82,64.84,67.12,67.12,1554838,0
2022-10-21,alpha-vantage,IWDA.LON,67.09,69.8,66.89,68.47,68.47,2817608,0
2022-10-28,alpha-vantage,IWDA.LON,69.46,71.96,68.81,71.34,71.34,1526406,0
2022-11-04,alpha-vantage,IWDA.LON,71.85,72.55,68.7,69.99,69.99,9486140,0
2022-11-11,alpha-vantage,IWDA.LON,70.13,75.09,70.09,74.49,74.49,1049024,0
2022-11-18,alpha-vantage,IWDA.LON,74.96,76.15,73.56,74.61,74.61,2229004,0
2022-11-25,alpha-vantage,IWDA.LON,74.28,76.28,74,75.99,75.99,2083497,0
2022-12-02,alpha-vantage,IWDA.LON,75.52,77.68,74.6,76.68,76.68,4827506,0
2022-12-09,alpha-vantage,IWDA.LON,76.82,77.12,74.24,75.42,75.42,3597779,0
2022-12-16,alpha-vantage,IWDA.LON,74.73,77.98,72.8812,73.12,73.12,975271,0
2022-12-23,alpha-vantage,IWDA.LON,73.42,74.27,72.25,73.17,73.17,1371367,0
2022-12-30,alpha-vantage,IWDA.LON,73.36,73.56,72.44,73.19,73.19,1462673,0
2023-01-06,alpha-vantage,IWDA.LON,73.67,74.3967,72.85,74.32,74.32,1124636,0
2023-01-13,alpha-vantage,IWDA.LON,74.81,76.83,74.46,76.52,76.52,996414,0
2023-01-20,alpha-vantage,IWDA.LON,76.99,77.63,75.44,76.32,76.32,1553841,0
2023-01-27,alpha-vantage,IWDA.LON,76.9,78.63,76.57,78.45,78.45,1866980,0
2023-02-03,alpha-vantage,IWDA.LON,78.03,80.27,77.04,80,80,1520704,0
2023-02-10,alpha-vantage,IWDA.LON,78.94,79.8,77.77,78.19,78.19,2068120,0
2023-02-17,alpha-vantage,IWDA.LON,78.29,80.05,77.79,77.94,77.94,3410157,0
2023-02-24,alpha-vantage,IWDA.LON,78.48,78.5,75.86,76.1,76.1,1064791,0
2023-03-03,alpha-vantage,IWDA.LON,76.53,77.45,75.68,77.43,77.43,1882635,0
2023-03-10,alpha-vantage,IWDA.LON,78.09,78.43,75.05,75.92,75.92,1288773,0
2023-03-17,alpha-vantage,IWDA.LON,75.76,76.11,73.57,75.02,75.02,2305696,0
2023-03-24,alpha-vantage,IWDA.LON,74.52,77.02,73.92,75.56,75.56,1452603,0
2023-03-31,alpha-vantage,IWDA.LON,76.64,78.68,76.01,78.63,78.63,1181552,0
2023-04-06,alpha-vantage,IWDA.LON,78.78,79.66,78.38,78.65,78.65,741885,0
2023-04-14,alpha-vantage,IWDA.LON,79.12,80.46,78.99,79.78,79.78,988263,0
2023-04-21,alpha-vantage,IWDA.LON,80.11,80.52,79.53,79.78,79.78,1357527,0
2023-04-28,alpha-vantage,IWDA.LON,79.58,80.15,78.7,80.12,80.12,745909,0
2023-05-05,alpha-vantage,IWDA.LON,80.28,80.59,78.48,79.78,79.78,2259583,0
2023-05-12,alpha-vantage,IWDA.LON,80.01,80.43,79.35,79.56,79.56,774780,0
2023-05-19,alpha-vantage,IWDA.LON,79.95,81.03,79.3,80.66,80.66,601648,0
2023-05-26,alpha-vantage,IWDA.LON,80.63,80.97,78.94,80.13,80.13,1426213,0
2023-06-02,alpha-vantage,IWDA.LON,80.44,81.65,79.21,81.59,81.59,1940403,0
2023-06-09,alpha-vantage,IWDA.LON,81.65,82.33,81.05,81.98,81.98,3259403,0
2023-06-16,alpha-vantage,IWDA.LON,82.21,84.79,82.09,84.35,84.35,1150876,0
2023-06-23,alpha-vantage,IWDA.LON,84.1,84.23,82.35,82.44,82.44,1899056,0
2023-06-30,alpha-vantage,IWDA.LON,82.61,84.41,82.2,84.26,84.26,2079348,0
2023-07-07,alpha-vantage,IWDA.LON,84.42,84.59,82.66,83.41,83.41,1142425,0
2023-07-14,alpha-vantage,IWDA.LON,82.82,86.1123,82.74,86,86,2362010,0
2023-07-21,alpha-vantage,IWDA.LON,85.61,86.89,85.45,86.34,86.34,981067,0
2023-07-28,alpha-vantage,IWDA.LON,86.12,87.5,86.09,87.06,87.06,1735189,0
2023-08-04,alpha-vantage,IWDA.LON,86.93,87.28,84.68,85.65,85.65,1775619,0
2023-08-11,alpha-vantage,IWDA.LON,85.07,85.85,84.25,84.36,84.36,2458793,0
2023-08-18,alpha-vantage,IWDA.LON,84.39,84.86,81.85,82.35,82.35,2026490,0
2023-08-25,alpha-vantage,IWDA.LON,82.42,84.57,82.24,82.73,82.73,1718224,0
2023-09-01,alpha-vantage,IWDA.LON,83.8,85.74,83.55,85.16,85.16,1308041,0
2023-09-08,alpha-vantage,IWDA.LON,85.37,85.55,83.61,84.25,84.25,752138,0
2023-09-15,alpha-vantage,IWDA.LON,84.46,85.5,83.85,84.6,84.6,1040674,0
2023-09-22,alpha-vantage,IWDA.LON,84.43,84.6,82.2,82.57,82.57,1607916,0
2023-09-29,alpha-vantage,IWDA.LON,82.22,82.357,80.7157,81.73,81.73,1062591,0
2023-10-06,alpha-vantage,IWDA.LON,81.76,81.89,79.21,80.95,80.95,1271024,0
2023-10-13,alpha-vantage,IWDA.LON,80.73,83.37,80.54,81.79,81.79,926117,0
2023-10-20,alpha-vantage,IWDA.LON,81.96,82.61,79.77,79.77,79.77,2297852,0
2023-10-27,alpha-vantage,IWDA.LON,79.78,80.22,78.05,78.31,78.31,1494353,0
2023-11-03,alpha-vantage,IWDA.LON,78.36,82.67,78.22,82.67,82.67,2510504,0
2023-11-10,alpha-vantage,IWDA.LON,82.6,82.93,81.81,82.29,82.29,784996,0
2023-11-17,alpha-vantage,IWDA.LON,82.76,85.44,82.62,85.17,85.17,1438134,0
2023-11-24,alpha-vantage,IWDA.LON,85.28,86.23,85.28,86.17,86.17,1810095,0
2023-12-01,alpha-vantage,IWDA.LON,86.06,86.8,85.75,86.8,86.8,1265608,0
2023-12-08,alpha-vantage,IWDA.LON,86.77,87.27,86.17,86.94,86.94,1780244,0
2023-12-15,alpha-vantage,IWDA.LON,87.09,89.88,87.05,89.46,89.46,1405950,0
2023-12-22,alpha-vantage,IWDA.LON,89.41,90.48,89.32,90.13,90.13,1684740,0
2023-12-29,alpha-vantage,IWDA.LON,90.68,91.26,90.37,90.95,90.95,595525,0
2024-01-05,alpha-vantage,IWDA.LON,90.83,90.99,88.47,89.53,89.53,1725608,0
2024-01-12,alpha-vantage,IWDA.LON,89.13,91.11,88.81,90.71,90.71,1772826,0
2024-01-19,alpha-vantage,IWDA.LON,90.73,90.86,89.05,90.39,90.39,1810920,0
2024-01-26,alpha-vantage,IWDA.LON,91.28,92.39,91.08,92.35,92.35,978472,0
2024-02-02,alpha-vantage,IWDA.LON,92.2,93.16,91.63,92.81,92.81,1797393,0
2024-02-09,alpha-vantage,IWDA.LON,92.87,94.07,92.19,93.74,93.74,1704330,0
2024-02-16,alpha-vantage,IWDA.LON,94.1,94.73,92.62,94.53,94.53,2645613,0
2024-02-23,alpha-vantage,IWDA.LON,94.2,95.91,93.48,95.63,95.63,1746134,0
2024-03-01,alpha-vantage,IWDA.LON,95.46,96.31,94.98,96.15,96.15,1901694,0
2024-03-08,alpha-vantage,IWDA.LON,96.5,97.86,95.7,97.31,97.31,1542542,0
2024-03-15,alpha-vantage,IWDA.LON,96.63,97.89,96.1,96.43,96.43,2138144,0
2024-03-22,alpha-vantage,IWDA.LON,96.82,99.2,96.52,98.34,98.34,1904415,0
2024-03-28,alpha-vantage,IWDA.LON,98.25,98.85,98.03,98.76,98.76,746678,0
2024-04-05,alpha-vantage,IWDA.LON,98.66,98.89,96.94,97.67,97.67,1644978,0
2024-04-12,alpha-vantage,IWDA.LON,97.74,102.76,96.4,96.69,96.69,1200259,0
2024-04-19,alpha-vantage,IWDA.LON,96.67,97.07,93.64,93.96,93.96,1425268,0
2024-04-26,alpha-vantage,IWDA.LON,94.11,96.13,93.8,95.9,95.9,1490547,0
2024-05-03,alpha-vantage,IWDA.LON,96.36,97.19,94.48,96.63,96.63,1037071,0
2024-05-10,alpha-vantage,IWDA.LON,97.77,98.85,97.34,98.51,98.51,2181614,0
2024-05-17,alpha-vantage,IWDA.LON,98.6,100.42,98.12,99.98,99.98,606502,0
2024-05-24,alpha-vantage,IWDA.LON,100.27,106.1,99.16,99.95,99.95,1303175,0
2024-05-31,alpha-vantage,IWDA.LON,100.23,100.31,98.25,98.36,98.36,846601,0
2024-06-07,alpha-vantage,IWDA.LON,99.89,101.11,98.95,100.61,100.61,1079098,0
2024-06-14,alpha-vantage,IWDA.LON,100.09,101.93,99.68,100.64,100.64,1278677,0
2024-06-21,alpha-vantage,IWDA.LON,100.79,102.25,100.53,101.24,101.24,644293,0
2024-06-28,alpha-vantage,IWDA.LON,101.39,102.35,101.19,102.03,102.03,1748243,0
2024-07-05,alpha-vantage,IWDA.LON,101.98,108.15,101.07,103.22,103.22,894794,0
2024-07-12,alpha-vantage,IWDA.LON,103.25,105.1,103.16,105.04,105.04,1009144,0
2024-07-19,alpha-vantage,IWDA.LON,104.91,111.42,102.641,102.7,102.7,1293735,0
2024-07-26,alpha-vantage,IWDA.LON,102.95,108.86,100.55,101.73,101.73,1808718,0
2024-08-02,alpha-vantage,IWDA.LON,102.46,107.83,98.67,98.99,98.99,2167655,0
2024-08-09,alpha-vantage,IWDA.LON,96.27,111.75,94.75,99.41,99.41,3065388,0
2024-08-16,alpha-vantage,IWDA.LON,99.76,103.72,99.36,103.37,103.37,940227,0
2024-08-23,alpha-vantage,IWDA.LON,103.75,105.73,103.6,105.59,105.59,2630079,0
2024-08-30,alpha-vantage,IWDA.LON,105.43,111.92,104.9621,105.17,105.17,2951059,0
2024-09-06,alpha-vantage,IWDA.LON,105.7,106.03,101.7,101.84,101.84,4968989,0
2024-09-13,alpha-vantage,IWDA.LON,102.18,110.28,101.41,105.24,105.24,2178203,0
2024-09-20,alpha-vantage,IWDA.LON,105.2,107.11,105,106.25,106.25,1820323,0
2024-09-27,alpha-vantage,IWDA.LON,106.73,108.22,106.23,107.9,107.9,1075153,0
2024-10-04,alpha-vantage,IWDA.LON,107.62,108.11,106.18,106.64,106.64,1575619,0
2024-10-11,alpha-vantage,IWDA.LON,107.23,108.31,106.15,108.21,108.21,1258219,0
2024-10-18,alpha-vantage,IWDA.LON,108.18,109.06,107.79,108.72,108.72,1758832,0
2024-10-25,alpha-vantage,IWDA.LON,108.66,108.81,107.1926,107.91,107.91,943091,0
2024-11-01,alpha-vantage,IWDA.LON,107.93,108.07,105.71,106.61,106.61,2438891,0
2024-11-08,alpha-vantage,IWDA.LON,106.32,109.97,106,109.76,109.76,3244662,0
2024-11-15,alpha-vantage,IWDA.LON,110.13,120.75,107.59,107.7,107.7,3850025,0
2024-11-22,alpha-vantage,IWDA.LON,107.75,109.34,106.94,109.08,109.08,5178051,0
2024-11-29,alpha-vantage,IWDA.LON,109.85,115,109.34,110.58,110.58,11896500,0
2024-12-06,alpha-vantage,IWDA.LON,110.38,132.93,110.32,111.95,111.95,5473928,0
2024-12-13,alpha-vantage,IWDA.LON,112.19,120,110.6,110.82,110.82,7944387,0
2024-12-20,alpha-vantage,IWDA.LON,110.91,111.5,105.96,108.67,108.67,3160418,0
2024-12-24,alpha-vantage,IWDA.LON,108.63,109.07,107.7,109.02,109.02,831666,0
2024-12-27,alpha-vantage,IWDA.LON,109.31,109.82,108.61,109,109,317104,0
2025-01-03,alpha-vantage,IWDA.LON,108.71,109,107.3,108.24,108.24,1563514,0
2025-01-10,alpha-vantage,IWDA.LON,108.76,110.01,106.58,106.58,106.58,4551733,0
2025-01-17,alpha-vantage,IWDA.LON,106.29,112.97,105.67,109.92,109.92,13526089,0
2025-01-24,alpha-vantage,IWDA.LON,109.95,118.44,109.59,112.35,112.35,1833046,0
2025-01-31,alpha-vantage,IWDA.LON,110.91,122.8,109.26,112.5,112.5,1603535,0
2025-02-07,alpha-vantage,IWDA.LON,109.17,112.53,109.06,111.61,111.61,2066462,0
2025-02-14,alpha-vantage,IWDA.LON,111.55,113.5,110.9,113.31,113.31,3731690,0
2025-02-21,alpha-vantage,IWDA.LON,113.43,120.09,112.5,112.77,112.77,2019045,0
2025-02-28,alpha-vantage,IWDA.LON,112.2,118.49,109.03,109.73,109.73,2332508,0
2025-03-07,alpha-vantage,IWDA.LON,111.01,116.31,107.4,107.55,107.55,5966708,0
2025-03-14,alpha-vantage,IWDA.LON,108.34,114,104.89,106.41,106.41,2781593,0
2025-03-21,alpha-vantage,IWDA.LON,106.33,112.79,106.25,107.12,107.12,4885769,0
2025-03-28,alpha-vantage,IWDA.LON,108.22,109.32,105.87,105.95,105.95,8105845,0
2025-04-04,alpha-vantage,IWDA.LON,104.93,106.71,96.95,97.94,97.94,2796650,0
2025-04-11,alpha-vantage,IWDA.LON,91.59,105.25,91.5,99.61,99.61,3809275,0
2025-04-17,alpha-vantage,IWDA.LON,102.74,110,100.93,101.49,101.49,1639528,0
2025-04-25,alpha-vantage,IWDA.LON,100.95,105.81,100.33,105.03,105.03,2180708,0
2025-05-02,alpha-vantage,IWDA.LON,105.51,114.2,104.43,108.43,108.43,1010470,0
2025-05-09,alpha-vantage,IWDA.LON,108.12,118.97,107.35,108.43,108.43,1636702,0
2025-05-16,alpha-vantage,IWDA.LON,109.68,113,109.54,112.49,112.49,1909555,0
2025-05-23,alpha-vantage,IWDA.LON,111.99,113.34,109.84,111.12,111.12,2276931,0
2025-05-30,alpha-vantage,IWDA.LON,112.47,114.19,112.3,112.63,112.63,1189596,0
2025-06-06,alpha-vantage,IWDA.LON,112.53,121.46,112.25,114.53,114.53,1611863,0
2025-06-13,alpha-vantage,IWDA.LON,114.7,115.79,113.81,114.81,114.81,1240405,0
2025-06-20,alpha-vantage,IWDA.LON,114.65,115.6,112.95,113.87,113.87,1193427,0
2025-06-27,alpha-vantage,IWDA.LON,113.35,123.51,113.01,117.61,117.61,4834568,0
2025-07-04,alpha-vantage,IWDA.LON,117.92,124.71,117.45,118.48,118.48,1243679,0
2025-07-11,alpha-vantage,IWDA.LON,118.41,126.19,117.93,118.52,118.52,1951665,0
2025-07-18,alpha-vantage,IWDA.LON,117.9,126.01,117.63,119.12,119.12,1258212,0
2025-07-25,alpha-vantage,IWDA.LON,119.27,126.44,118.88,120.79,120.79,2041147,0
2025-08-01,alpha-vantage,IWDA.LON,121.44,128.03,117.26,117.62,117.62,2764062,0
2025-08-08,alpha-vantage,IWDA.LON,118.09,130,118.09,120.82,120.82,908590,0
2025-08-15,alpha-vantage,IWDA.LON,121.33,122.96,120.57,122.45,122.45,626872,0
2025-08-22,alpha-vantage,IWDA.LON,122.43,129.56,120.86,123.2,123.2,1006090,0
2025-08-29,alpha-vantage,IWDA.LON,121.94,147.84,121.67,122.36,122.36,958513,0
2025-09-05,alpha-vantage,IWDA.LON,122.58,129.25,120.75,122.83,122.83,1499357,0
2025-09-12,alpha-vantage,IWDA.LON,123.27,131.42,123.14,124.81,124.81,2077270,0
2025-09-19,alpha-vantage,IWDA.LON,125.02,130,124.9,125.52,125.52,2309136,0
2025-09-26,alpha-vantage,IWDA.LON,125.85,126.77,124.36,125.23,125.23,2399979,0
2025-10-03,alpha-vantage,IWDA.LON,126.09,127.99,125.6,127.83,127.83,1623915,0
2025-10-10,alpha-vantage,IWDA.LON,127.79,140,125.3976,125.49,125.49,1611721,0
2025-10-17,alpha-vantage,IWDA.LON,125.74,133.01,124.18,125.56,125.56,2452882,0
2025-10-24,alpha-vantage,IWDA.LON,126.91,135.02,126.7,128.64,128.64,2963984,0
2025-10-31,alpha-vantage,IWDA.LON,129.46,130.46,128.72,128.98,128.98,4637815,0
2025-11-07,alpha-vantage,IWDA.LON,129.13,129.56,125.8,125.94,125.94,3099687,0
2025-11-14,alpha-vantage,IWDA.LON,128.11,137.54,126.3,128.07,128.07,1425930,0
2025-11-21,alpha-vantage,IWDA.LON,128.21,135.75,123.17,124.35,124.35,3474540,0
2025-11-28,alpha-vantage,IWDA.LON,125.52,129.99,124.98,129.26,129.26,1797932,0
2025-12-05,alpha-vantage,IWDA.LON,128.59,140,128.49,129.96,129.96,2580763,0
2025-12-12,alpha-vantage,IWDA.LON,130.24,140,129.28,129.42,129.42,1301711,0
2025-12-19,alpha-vantage,IWDA.LON,130.05,140,128.23,130.02,130.02,4766095,0
2025-12-24,alpha-vantage,IWDA.LON,130.32,137.82,130.25,131.42,131.42,721546,0
2026-01-02,alpha-vantage,IWDA.LON,131.56,157.33,130.45,130.75,130.75,1024596,0
2026-01-09,alpha-vantage,IWDA.LON,131.18,140.54,131.04,132.82,132.82,2038128,0
2026-01-16,alpha-vantage,IWDA.LON,132.6,140.78,132.0185,133.12,133.12,1226598,0
2026-01-23,alpha-vantage,IWDA.LON,131.8,150,130.22,132.68,132.68,4515775,0
2026-01-30,alpha-vantage,IWDA.LON,132.87,146.91,132.44,133.26,133.26,3453702,0
2026-02-06,alpha-vantage,IWDA.LON,131.99,134.7,130.76,133.06,133.06,6694839,0
2026-02-13,alpha-vantage,IWDA.LON,133.98,146.9,132.17,133.28,133.28,1573729,0
2026-02-20,alpha-vantage,IWDA.LON,133.19,140,131.72,133.93,133.93,1977935,0
2026-02-27,alpha-vantage,IWDA.LON,133.79,161.35,132.71,134.27,134.27,2791910,0
2026-03-06,alpha-vantage,IWDA.LON,131.95,144.63,129.01,129.88,129.88,2512662,0
2026-03-13,alpha-vantage,IWDA.LON,127.92,131.944,127.3,127.94,127.94,1378110,0
2026-03-20,alpha-vantage,IWDA.LON,128.15,130.36,125.53,125.73,125.73,2153938,0
2026-03-27,alpha-vantage,IWDA.LON,123.75,128.95,123.22,123.82,123.82,4128190,0
2026-04-02,alpha-vantage,IWDA.LON,123.5,128.1,123.24,127.49,127.49,2061042,0
2026-04-10,alpha-vantage,IWDA.LON,127.94,132.84,126.55,132.53,132.53,1740015,0
2026-04-17,alpha-vantage,IWDA.LON,131.39,137.89,131.04,137.78,137.78,1492456,0
2026-04-24,alpha-vantage,IWDA.LON,136.63,137.6,135.93,136.64,136.64,1511439,0
2026-05-01,alpha-vantage,IWDA.LON,136.97,139.02,135.73,138.7,138.7,2212630,0
2026-05-08,alpha-vantage,IWDA.LON,137.73,141.48,137.63,140.72,140.72,17163153,0
2026-05-15,alpha-vantage,IWDA.LON,140.65,143.1932,139.55,140.65,140.65,998974,0
2026-05-22,alpha-vantage,IWDA.LON,139.64,142.6716,139.31,142.46,142.46,2680393,0
2026-05-29,alpha-vantage,IWDA.LON,143.41,144.28,142.44,144.07,144.07,1514178,0
2026-06-05,alpha-vantage,IWDA.LON,144.34,144.77,142.33,142.33,142.33,1924969,0
2026-06-12,alpha-vantage,IWDA.LON,140.65,142.46,138.67,142.23,142.23,2218086,0
2026-06-19,alpha-vantage,IWDA.LON,143.89,144.4,142.66,143.1,143.1,2225361,0
2026-06-26,alpha-vantage,IWDA.LON,143.13,143.82,139.8,141.12,141.12,1548241,0
2026-07-03,alpha-vantage,IWDA.LON,141.15,144.29,140.6,143.86,143.86,1755608,0
2026-07-06,alpha-vantage,IWDA.LON,143.86,144.24,143.6845,144.24,144.24,41222,0
